Sentiment,Proportion_NonAddicted,Proportion_Addicted
Positive,0.5898691868841123,0.6221774193548387
Neutral,0.23580937013772835,0.23225806451612904
Negative,0.1743214429781594,0.14556451612903226
